emily,USA
michael,USA
hannah,USA
jacob,USA
sarah ,USA
alex,USA
ashley,USA
tyler,USA
taylor,USA
andrew,USA
jessica,USA
daniel,USA
katie,USA
john,USA
emma,USA
matthew,USA
lauren,USA
ryan,USA
samantha,USA
austin,USA
rachel,USA
david,USA
olivia,USA
chris,USA
kayla,USA
nick,USA
anna,USA
brandon,USA
megan,USA
nathan,USA
alyssa,USA
anthony,USA
alexis,USA
ethan ,USA
grace,USA
justin,USA
madison,USA
joshua,USA
elizabeth,USA
jordan,USA
nicole,USA
jake,USA
amanda ,USA
jack,USA
abby,USA
dylan,USA
victoria,USA
james,USA
brianna,USA
kyle,USA
morgan,USA
kevin,USA
amber,USA
ben,USA
sydney,USA
noah,USA
brittany,USA
eric,USA
haley,USA
sam,USA
natalie,USA
christian,USA
julia,USA
josh,USA
savannah,USA
zach,USA
danielle,USA
joseph,USA
courtney,USA
logan,USA
rebecca,USA
jonathan,USA
paige,USA
adam,USA
jasmine,USA
aaron,USA
sara,USA
jason,USA
stephanie,USA
christopher,USA
jennifer,USA
caleb,USA
mary,USA
brian,USA
chloe,USA
william,USA
maddie,USA
robert,USA
lily,USA
joe,USA
michelle,USA
luke,USA
brooke,USA
matt,USA
jordan,USA
cameron,USA
erin,USA
thomas,USA
shelby,USA
hunter,USA
kaitlyn,USA
evan,USA
jenna,USA
nicholas,USA
sierra,USA
cody,USA
hailey,USA
zachary,USA
maria,USA
chase,USA
andrea,USA
mike,USA
destiny,USA
jose,USA
kate,USA
steven,USA
autumn,USA
max,USA
allison,USA
ian,USA
zoe,USA
connor,USA
amy,USA
mark,USA
lexi,USA
cole,USA
sophia,USA
patrick,USA
claire,USA
sean,USA
marissa,USA
samuel,USA
abigail,USA
gabriel,USA
isabella,USA
nate,USA
molly,USA
devin,USA
kelsey,USA
will,USA
kelly,USA
alexander,USA
kaylee,USA
jeremy,USA
sophie,USA
isaac,USA
laura,USA
jesse,USA
alex,USA
mason,USA
mackenzie,USA
joey,USA
melissa,USA
carlos,USA
tiffany,USA
bryan,USA
christina,USA
jared,USA
leah,USA
tanner,USA
caroline,USA
peter,USA
maggie,USA
tristan,USA
alexa,USA
gavin,USA
bailey,USA
shane,USA
heather,USA
seth,USA
caitlin,USA
stephen,USA
katherine,USA
paul,USA
makayla,USA
trevor,USA
cheyenne,USA
elijah,USA
miranda,USA
brendan,USA
erica,USA
isaiah,USA
vanessa,USA
zack,USA
mia,USA
marcus,USA
madeline,USA
lucas,USA
faith,USA
garrett,USA
audrey,USA
aidan,USA
gabby,USA
luis,USA
breanna,USA
charles,USA
jade,USA
eli,USA
katelyn,USA
blake,USA
anastasia,RUS
nikita,RUS
nastya,RUS
dima,RUS
dasha,RUS
alex,RUS
maria,RUS
sergey,RUS
anna,RUS
alexander,RUS
olga,RUS
andrey,RUS
alina,RUS
vlad,RUS
kate,RUS
sasha,RUS
katya,RUS
artem,RUS
julia,RUS
ivan,RUS
irina,RUS
anton,RUS
marina,RUS
dmitry,RUS
liza,RUS
max,RUS
polina,RUS
kirill,RUS
tanya,RUS
maxim,RUS
alexandra,RUS
egor,RUS
daria,RUS
andrew,RUS
natasha,RUS
roman,RUS
ksenia,RUS
oleg,RUS
elena,RUS
pavel,RUS
ekaterina,RUS
ilya,RUS
mary,RUS
denis,RUS
arina,RUS
ruslan,RUS
yana,RUS
alexandr,RUS
masha,RUS
igor,RUS
victoria,RUS
vladislav,RUS
ann,RUS
vladimir,RUS
kseniya,RUS
alexey,RUS
diana,RUS
danil,RUS
svetlana,RUS
vadim,RUS
lera,RUS
kostya,RUS
kristina,RUS
gleb,RUS
sofia,RUS
daniel,RUS
lena,RUS
zhenya,RUS
anastasiya,RUS
nick,RUS
helen,RUS
slava,RUS
natalia,RUS
daniil,RUS
tatiana,RUS
yaroslav,RUS
sasha,RUS
mark,RUS
darya,RUS
konstantin,RUS
sveta,RUS
pasha,RUS
oksana,RUS
andrei ,RUS
yulia,RUS
mikhail,RUS
valeria,RUS
timur,RUS
ksusha,RUS
arthur,RUS
sonya,RUS
misha,RUS
anya,RUS
kolya,RUS
alena,RUS
anatoly,RUS
veronika,RUS
bogdan,RUS
alyona,RUS
dmitriy,RUS
katerina,RUS
fedor,RUS
vika,RUS
mansur,RUS
angelina,RUS
roma,RUS
ira,RUS
sergei,RUS
helena,RUS
danila,RUS
olesya,RUS
matvey,RUS
olya,RUS
rafit,RUS
alice,RUS
boris,RUS
nina,RUS
dan,RUS
viktoria,RUS
leo,RUS
katherine,RUS
paul,RUS
lisa,RUS
artyom,RUS
galina,RUS
valentin,RUS
irene ,RUS
zahar,RUS
vera,RUS
george,RUS
valentina,RUS
aleksei,RUS
catherine,RUS
arseniy,RUS
lina ,RUS
michael,RUS
tatyana,RUS
vitaliy,RUS
vlada,RUS
serge,RUS
nastia,RUS
grisha,RUS
mariya,RUS
eugene,RUS
ulyana,RUS
vova,RUS
margarita,RUS
aleksandr,RUS
karina,RUS
leonid,RUS
natalya,RUS
stanislav,RUS
elizabeth,RUS
evgeny,RUS
ksenya,RUS
aymeric,RUS
kira,RUS
aleksey,RUS
christina,RUS
adam,RUS
alisa,RUS
renat,RUS
viktoriya,RUS
yegor,RUS
sophia,RUS
david,RUS
vasilisa,RUS
nikolai,RUS
inna,RUS
yura,RUS
eva,RUS
nikolay,RUS
nataly,RUS
andru,RUS
dina,RUS
artiom,RUS
marta,RUS
sonya,RUS
asya,RUS
bekhan,RUS
albina,RUS
gosha,RUS
veronica,RUS
arsenii,RUS
zhenya,RUS
petr,RUS
natalie,RUS
íèêèòà,RUS
lyuba,RUS
german,RUS
juliya,RUS
maksim,RUS
polly,RUS
niko,RUS
madina ,RUS
artur,RUS
evgeniya,RUS
vasiliy,RUS
jane,RUS
gregory,RUS
wang,CHN
wang,CHN
chen,CHN
chen,CHN
li,CHN
zhang,CHN
lily,CHN
liu,CHN
zhang,CHN
li,CHN
liu,CHN
yang,CHN
yang,CHN
kevin,CHN
alice,CHN
jack,CHN
jane,CHN
lee,CHN
lin,CHN
alex,CHN
lee,CHN
zhou,CHN
cherry,CHN
jason,CHN
vivian,CHN
xu,CHN
sherry,CHN
tony,CHN
amy,CHN
tom,CHN
sunny,CHN
lin,CHN
lucy,CHN
yu,CHN
jessica,CHN
wu,CHN
cindy,CHN
eric,CHN
daisy,CHN
zhao,CHN
tina,CHN
john,CHN
zoe,CHN
huang,CHN
nancy,CHN
peter ,CHN
huang,CHN
david,CHN
helen,CHN
andy,CHN
sun,CHN
leo,CHN
yu,CHN
zheng,CHN
echo,CHN
harry,CHN
crystal,CHN
jerry,CHN
ann,CHN
mike,CHN
jenny,CHN
chan,CHN
shirley,CHN
àî,CHN
emily,CHN
sun,CHN
zhou,CHN
jiang,CHN
catherine,CHN
bruce,CHN
summer,CHN
charles,CHN
yan,CHN
cheng,CHN
candy,CHN
tang,CHN
anna,CHN
hu,CHN
wendy,CHN
frank,CHN
linda,CHN
bob,CHN
vicky,CHN
õå,CHN
wu,CHN
steven,CHN
coco,CHN
chris,CHN
caroline,CHN
wei,CHN
ivy,CHN
guo,CHN
xu,CHN
zhu,CHN
nicole,CHN
daniel,CHN
emma,CHN
xiao,CHN
amanda,CHN
hao,CHN
angela,CHN
sam,CHN
àî,CHN
liang,CHN
charlotte,CHN
james,CHN
iris,CHN
jim,CHN
lu,CHN
deng,CHN
íõ,CHN
song,CHN
kelly,CHN
william,CHN
tang,CHN
íõ,CHN
cathy,CHN
michael,CHN
grace,CHN
yan,CHN
fiona,CHN
ye,CHN
bella,CHN
xie,CHN
doris,CHN
edward,CHN
joyce,CHN
gao,CHN
rachel,CHN
nick,CHN
victoria,CHN
zeng,CHN
han,CHN
luo,CHN
lisa,CHN
ding,CHN
yuan,CHN
he,CHN
õå,CHN
yuan,CHN
jing,CHN
george,CHN
annie,CHN
justin,CHN
elaine,CHN
yao,CHN
joy,CHN
joe,CHN
claire,CHN
peng,CHN
may,CHN
alan,CHN
yi,CHN
allen,CHN
carol,CHN
ben,CHN
zhu,CHN
xiang,CHN
mary,CHN
simon,CHN
amber,CHN
mark,CHN
rebecca,CHN
lei,CHN
sophia,CHN
kai,CHN
sharon,CHN
han,CHN
angel,CHN
edison,CHN
jasmine,CHN
tian,CHN
tiffany,CHN
sean,CHN
christina,CHN
ken,CHN
ling,CHN
lu,CHN
sue,CHN
vincent,CHN
betty,CHN
dong,CHN
eva,CHN
ni,CHN
diana,CHN
will,CHN
sophie,CHN
lily,CHN
ãô,CHN
jin,CHN
katherine,CHN
ma,CHN
olivia,CHN
îâ,CHN
zhao,CHN
king,CHN
april,CHN
feng,CHN
ying,CHN
chao,CHN
